intensity_threshold,org_budget,repairRatio,param_set_id,mean_infra,org_vulnerability,repair_cost,ewfreq,run_id,run_duration
0.6,0,0,1,23.08618776,0.068505643,60940.06015,45,1,9.515784979
0.6,0,0,1,19.72140555,0.067246592,61103.64159,34,3,3.923928022
0.6,0,0,1,18.65288734,0.07287449,60159.87091,32,2,5.366761208
0.7,0,0,2,27.38447758,0.05778078,58267.14507,31,3,6.660196781
0.7,0,0,2,21.6461696,0.067923953,57221.40823,25,2,3.289240122
0.7,0,0,2,20.57909844,0.102862753,59776.71627,34,1,3.867275953
0.8,0,0,3,28.70289586,0.048599005,46300.81794,27,1,3.179949999
0.8,0,0,3,27.63946229,0.048779417,43584.12559,18,3,3.158392906
0.8,0,0,3,27.93729586,0.059523337,43789.43474,17,2,4.240267038
0.9,0,0,4,38.8300936,0.019323253,23705.93955,6,3,3.127310038
0.9,0,0,4,35.24691358,0.029672638,27261.55306,7,2,5.32666707
0.9,0,0,4,41.38453398,0.027379557,20120,7,1,4.616033792
1,0,0,5,52.08641975,0.014487146,0,0,1,3.409596205
1,0,0,5,45.28395062,0.01211316,0,0,3,3.444075823
1,0,0,5,46.5308642,0.01184821,0,0,2,2.336189985
0.6,5000,0,6,1,0.05,77583.4872,37,3,2.859822989
0.6,5000,0,6,1,0.05,79208.84761,44,2,3.043699026
0.6,5000,0,6,1,0.05,69040,40,1,3.179415941
0.7,5000,0,7,1.041227703,0.049244675,73173.21112,28,1,2.977596045
0.7,5000,0,7,1,0.05,75640,30,3,2.542164087
0.7,5000,0,7,1.18101111,0.048922593,78866.762,28,2,2.516292095
0.8,5000,0,8,7.986013012,0.03595295,61982.65892,15,1,2.789754868
0.8,5000,0,8,7.38789531,0.032219098,70331.6096,16,3,2.786257029
0.8,5000,0,8,1,0.05,80580,26,2,2.491776943
0.9,5000,0,9,12.66872261,0.05816089,43636.66937,11,2,4.011022091
0.9,5000,0,9,33.38867603,0.014016125,29476.12605,6,3,2.464208841
0.9,5000,0,9,20.80290699,0.028200683,43509.62164,9,1,3.211189032
1,5000,0,10,46.74074074,0.015352113,0,0,2,2.749979973
1,5000,0,10,46.49382716,0.010519369,0,0,3,2.698182106
1,5000,0,10,49.77777778,0.00660598,0,0,1,2.829282045
0.6,10000,0,11,1,0.05,69140,47,3,2.201663017
0.6,10000,0,11,1,0.05,83200,47,1,2.351609945
0.6,10000,0,11,1,0.05,77800,45,2,2.261265993
0.7,10000,0,12,2.180281501,0.046343388,82547.94397,24,3,2.13713789
0.7,10000,0,12,1.199014858,0.048595064,75401.88114,27,1,1.724756002
0.7,10000,0,12,1.225653927,0.048925662,79179.29681,27,2,1.714575052
0.8,10000,0,13,18.08675013,0.025210454,55719.46479,12,2,1.763723135
0.8,10000,0,13,3.811038178,0.039765474,76586.11815,19,1,2.412441015
0.8,10000,0,13,6.179427646,0.03611821,70229.32721,18,3,1.914258957
0.9,10000,0,14,13.16646483,0.027014895,61470.32698,12,2,2.027734995
0.9,10000,0,14,25.45200151,0.020432771,42322.45335,8,3,2.338822842
0.9,10000,0,14,10.8323948,0.032716925,59871.52042,13,1,2.338984013
1,10000,0,15,51.88888889,0.008827779,0,0,3,2.037597179
1,10000,0,15,51.48148148,0.006931855,0,0,2,1.844281912
1,10000,0,15,52.33333333,0.006990564,0,0,1,1.800475121
0.6,15000,0,16,1,0.05,77160,33,3,1.792326927
0.6,15000,0,16,1,0.05,77820,45,1,1.834789991
0.6,15000,0,16,1,0.05,89120,41,2,1.915411949
0.7,15000,0,17,1.384835456,0.047501284,80084.61312,25,3,1.923583984
0.7,15000,0,17,1,0.05,74820,35,2,2.010311127
0.7,15000,0,17,1,0.05,86620,41,1,2.041075945
0.8,15000,0,18,1.981858762,0.051097625,68989.38881,21,2,2.142410994
0.8,15000,0,18,1.933063039,0.048531527,72273.36941,24,3,2.150373936
0.8,15000,0,18,2.680303291,0.043371884,64537.90867,18,1,2.124072075
0.9,15000,0,19,18.50217961,0.024313778,55786.46903,11,3,1.484457016
0.9,15000,0,19,22.99099655,0.024805405,40169.6914,9,2,1.560683012
0.9,15000,0,19,26.08459818,0.024852216,49498.71909,9,1,1.539672852
1,15000,0,20,48.28395062,0.007010677,0,0,3,1.627081156
1,15000,0,20,50.14814815,0.01538488,0,0,1,1.572533846
1,15000,0,20,45.95061728,0.007562157,0,0,2,1.54997015
0.6,20000,0,21,1,0.05,75380,44,1,1.589370012
0.6,20000,0,21,1,0.05,85941.99904,44,3,1.625664949
0.6,20000,0,21,1,0.05,69477.58156,34,2,1.61964488
0.7,20000,0,22,1,0.05,77837.32683,31,2,1.692003012
0.7,20000,0,22,4.271582115,0.040002151,72320.03697,18,3,1.673032045
0.7,20000,0,22,1.248221153,0.048877357,79972.81847,25,1,1.767004967
0.8,20000,0,23,1.89802397,0.06488558,76354.48019,22,2,1.678806067
0.8,20000,0,23,1.746058065,0.04740018,68211.38593,24,3,1.743925095
0.8,20000,0,23,2.139315624,0.045799048,77735.706,21,1,1.82620883
0.9,20000,0,24,34.67011033,0.014214489,24638.06811,6,3,1.747670174
0.9,20000,0,24,13.31564962,0.033692504,53028.64761,13,1,1.849363804
0.9,20000,0,24,29.47307138,0.014948506,29360.31973,6,2,1.812478065
1,20000,0,25,47.75308642,0.010622209,0,0,3,1.763118982
1,20000,0,25,48.81481481,0.017467069,0,0,1,1.859123945
1,20000,0,25,51.25925926,0.024019063,0,0,2,1.787775993
0.6,0,0.1,26,25.53477335,0.065172828,58466.83359,37,2,1.815055132
0.6,0,0.1,26,17.63128129,0.074435607,59478.47104,39,1,1.814580917
0.6,0,0.1,26,27.29153105,0.05886384,58758.09954,38,3,1.797439098
0.7,0,0.1,27,27.3626605,0.054299612,54673.75833,28,2,1.842596054
0.7,0,0.1,27,21.73987451,0.069893652,57881.05247,33,1,1.921365976
0.7,0,0.1,27,24.61825675,0.06700939,49898.91438,27,3,1.877218962
0.8,0,0.1,28,29.63269491,0.041433958,47334.02699,14,3,1.890291929
0.8,0,0.1,28,25.49927899,0.054065197,51838.75459,18,2,2.129889011
0.8,0,0.1,28,27.8042877,0.045563959,50440.35115,18,1,1.942070007
0.9,0,0.1,29,24.70543869,0.043291482,45803.62875,15,2,1.543895006
0.9,0,0.1,29,32.19505988,0.036659235,40177.9985,13,1,1.302489996
0.9,0,0.1,29,25.93096017,0.043403661,43795.99085,14,3,1.349103928
1,0,0.1,30,52.12345679,0.009289171,0,0,3,1.381978035
1,0,0.1,30,48.02469136,0.015080951,0,0,2,1.344753027
1,0,0.1,30,49.72839506,0.012321369,0,0,1,1.393154144
0.6,5000,0.1,31,1.530864198,0.046768078,77362.19306,42,2,1.462925911
0.6,5000,0.1,31,2.788376361,0.046200201,75279.9654,36,1,1.451752901
0.6,5000,0.1,31,2.582093627,0.046177202,76911.17924,42,3,1.477604151
0.7,5000,0.1,32,3.296131403,0.046655696,71862.24781,30,3,1.511313915
0.7,5000,0.1,32,3.481481481,0.046860692,79681.07499,32,2,1.501471043
0.7,5000,0.1,32,2.740740741,0.046573746,78766.68086,30,1,1.543750048
0.8,5000,0.1,33,2.965620561,0.045217346,79362.76109,23,2,1.697455883
0.8,5000,0.1,33,3.345010832,0.04394482,73101.93906,22,1,1.756747961
0.8,5000,0.1,33,4.873610067,0.039941263,66726.32367,19,3,1.658921957
0.9,5000,0.1,34,14.02409487,0.027983242,59949.75324,13,3,1.64121604
0.9,5000,0.1,34,25.61902676,0.01268239,47631.03293,9,1,1.69506216
0.9,5000,0.1,34,22.64539182,0.018464017,49351.49677,11,2,1.637975931
1,5000,0.1,35,48.51851852,0.012810559,0,0,3,1.706285954
1,5000,0.1,35,50.74074074,0.009901955,0,0,1,15.6365509
1,5000,0.1,35,46.69135802,0.013787202,0,0,2,20.46187305
0.6,10000,0.1,36,6.754839479,0.042708182,77799.93829,39,2,11.09548306
0.6,10000,0.1,36,4.485349036,0.041822635,69299.21758,31,3,5.757310867
0.6,10000,0.1,36,6.024691358,0.043238185,79594.50526,38,1,6.142511129
0.7,10000,0.1,37,4.679066067,0.041023291,70724.60691,30,1,4.826318026
0.7,10000,0.1,37,3.724262945,0.042268049,80025.2962,26,2,5.187736034
0.7,10000,0.1,37,4.98709496,0.041624663,68913.18337,27,3,3.615350962
0.8,10000,0.1,38,10.41459564,0.032209871,69543.82964,18,1,4.051492929
0.8,10000,0.1,38,6.577471188,0.03882607,72025.80139,21,3,4.004406929
0.8,10000,0.1,38,4.627516632,0.042537052,69596.01279,30,2,3.258648157
0.9,10000,0.1,39,16.58484303,0.039561898,44372.86513,12,3,3.753351927
0.9,10000,0.1,39,18.51095953,0.023088495,49576.27922,11,1,3.602765083
0.9,10000,0.1,39,17.61772626,0.021299027,49908.79912,12,2,3.738305807
1,10000,0.1,40,47.24691358,0.011213272,0,0,2,3.846445084
1,10000,0.1,40,54.45679012,0.008958803,0,0,3,5.045723915
1,10000,0.1,40,47.33333333,0.017405615,0,0,1,3.925845146
0.6,15000,0.1,41,7.740740741,0.039397173,72051.64852,37,3,2.608993053
0.6,15000,0.1,41,4.860425712,0.039822752,77959.37909,40,1,2.59779501
0.6,15000,0.1,41,5.274922099,0.038853576,70457.73496,49,2,2.835555792
0.7,15000,0.1,42,7.204296362,0.03872056,68802.06851,40,1,2.264492989
0.7,15000,0.1,42,11.53845007,0.040130626,68890.65714,26,2,1.949955225
0.7,15000,0.1,42,8.57807822,0.039885903,66798.66498,32,3,2.10054183
0.8,15000,0.1,43,13.30563978,0.027325628,60190.60869,18,1,3.143036127
0.8,15000,0.1,43,12.00193621,0.029888412,64021.57467,20,3,3.014824867
0.8,15000,0.1,43,14.43978816,0.024525612,49278.85035,14,2,2.765966177
0.9,15000,0.1,44,29.76775213,0.010891246,37130.6054,8,1,2.812002897
0.9,15000,0.1,44,29.21542431,0.017847837,32774.85475,8,2,2.158175945
0.9,15000,0.1,44,30.31736074,0.01750809,24898.41045,7,3,2.017385006
1,15000,0.1,45,49.95061728,0.008948591,0,0,1,2.054547071
1,15000,0.1,45,50.91358025,0.018920251,0,0,3,1.46446085
1,15000,0.1,45,49.41975309,0.008822728,0,0,2,1.532016993
0.6,20000,0.1,46,12.16064157,0.034897546,63275.16054,42,1,1.66548419
0.6,20000,0.1,46,13.16049383,0.036066529,73743.52654,44,2,1.751690865
0.6,20000,0.1,46,14.8439215,0.034468438,69468.15868,37,3,1.810192108
0.7,20000,0.1,47,12.10677201,0.036027296,62357.17374,33,1,1.795707941
0.7,20000,0.1,47,14.94672125,0.030663404,53943.45183,23,3,1.880198002
0.7,20000,0.1,47,9.817421959,0.03652027,70889.02713,35,2,1.881332874
0.8,20000,0.1,48,17.93266843,0.033155613,51863.17347,26,3,1.889293194
0.8,20000,0.1,48,12.37727154,0.033756307,61666.75704,24,1,1.896140814
0.8,20000,0.1,48,11.93345077,0.02852319,57314.6601,22,2,1.856003046
0.9,20000,0.1,49,35.38161453,0.012745016,29822.5908,8,1,1.813663006
0.9,20000,0.1,49,38.14305623,0.012635379,22110.35723,7,2,1.892240047
0.9,20000,0.1,49,35.50974826,0.01033373,31982.57079,9,3,1.797890902
1,20000,0.1,50,47.59259259,0.011946733,0,0,2,1.833024025
1,20000,0.1,50,54.02469136,0.005151364,0,0,3,1.863186121
1,20000,0.1,50,49.07407407,0.025130547,0,0,1,1.928379059
0.6,0,0.2,51,23.20472763,0.074091242,62858.57821,37,3,2.023947954
0.6,0,0.2,51,29.4977779,0.063630949,48897.28349,53,1,1.919291973
0.6,0,0.2,51,19.73629437,0.078047343,62989.81054,41,2,2.04506588
0.7,0,0.2,52,20.74089051,0.114914059,56930.88363,36,3,1.881788015
0.7,0,0.2,52,21.54453173,0.091923029,61160.02044,30,1,2.051064014
0.7,0,0.2,52,18.44245719,0.070485721,64098.70726,30,2,2.101940155
0.8,0,0.2,53,27.93143689,0.053602711,55497.02408,20,1,2.067662954
0.8,0,0.2,53,23.94067364,0.066037591,62877.17432,21,2,2.062907934
0.8,0,0.2,53,25.77340927,0.084373548,54435.69233,21,3,1.419955969
0.9,0,0.2,54,31.72700893,0.032564351,35993.08383,11,2,1.524002075
0.9,0,0.2,54,39.18586648,0.03706032,17116.70926,5,1,1.495337963
0.9,0,0.2,54,41.48592874,0.016961097,25134.85904,6,3,1.548970938
1,0,0.2,55,54.66666667,0.007812008,0,0,3,1.608099937
1,0,0.2,55,46.02469136,0.009345562,0,0,2,1.480185032
1,0,0.2,55,46.69135802,0.010838813,0,0,1,1.469958067
0.6,5000,0.2,56,4.669931133,0.042304127,77560.39331,40,3,1.500743866
0.6,5000,0.2,56,3.689557265,0.04261838,74824.85038,37,1,1.564929962
0.6,5000,0.2,56,5.839506173,0.043059991,73729.76047,47,2,1.606981039
0.7,5000,0.2,57,5.196407398,0.039596408,75107.43729,26,1,1.565894842
0.7,5000,0.2,57,8.065235067,0.039281922,61810.57687,22,3,1.54307723
0.7,5000,0.2,57,6.060180768,0.03885549,73054.88145,27,2,1.626161814
0.8,5000,0.2,58,10.13476068,0.035819876,69543.97659,20,2,1.768921137
0.8,5000,0.2,58,8.989401915,0.040815395,75189.01135,25,1,1.625497818
0.8,5000,0.2,58,8.906326363,0.033053224,61851.54721,20,3,1.671877146
0.9,5000,0.2,59,29.6299344,0.016300321,34714.45156,8,3,1.647104979
0.9,5000,0.2,59,25.02854549,0.020332067,45200.10721,11,2,1.750835896
0.9,5000,0.2,59,30.03462186,0.016992874,40079.54724,9,1,1.653941154
1,5000,0.2,60,42.32098765,0.016905812,0,0,3,1.727885008
1,5000,0.2,60,48.58024691,0.016695621,0,0,1,1.775437832
1,5000,0.2,60,55.67901235,0.004352515,0,0,2,1.738530159
0.6,10000,0.2,61,6.675108134,0.035626158,62023.63014,43,1,1.789495945
0.6,10000,0.2,61,12.96007984,0.035728683,69287.64642,46,3,1.830053091
0.6,10000,0.2,61,11.69445589,0.034795973,65910.34517,34,2,1.892795801
0.7,10000,0.2,62,13.53958684,0.034934818,58341.95065,33,1,2.282045126
0.7,10000,0.2,62,10.86889718,0.035509722,56507.51595,27,2,2.202653885
0.7,10000,0.2,62,13.57273871,0.033568033,60785.48222,29,3,2.028211117
0.8,10000,0.2,63,11.22639931,0.03651628,71982.48589,26,2,1.681198835
0.8,10000,0.2,63,15.94200417,0.030001456,62747.23169,22,3,1.378571033
0.8,10000,0.2,63,13.80285475,0.028468389,46043.43679,18,1,1.40481019
0.9,10000,0.2,64,34.5905952,0.013067851,29138.47478,8,3,1.262730837
0.9,10000,0.2,64,23.20966888,0.050188609,52913.65479,14,1,1.171895027
0.9,10000,0.2,64,35.0991588,0.013944818,28913.31442,8,2,1.040507078
1,10000,0.2,65,51.7037037,0.016504758,0,0,3,0.940371037
1,10000,0.2,65,52.56790123,0.016788765,0,0,1,0.952471972
1,10000,0.2,65,51.66666667,0.010436618,0,0,2,0.967405081
0.6,15000,0.2,66,22.60493827,0.028711671,49389.9161,35,1,0.966182947
0.6,15000,0.2,66,15.73415433,0.026502185,58822.95279,34,2,0.970479965
0.6,15000,0.2,66,23.08344009,0.029703902,46691.02994,41,3,0.998450994
0.7,15000,0.2,67,15.16049383,0.028702477,55498.384,34,2,1.015270948
0.7,15000,0.2,67,14.64405935,0.029069477,60192.61646,32,3,1.01960206
0.7,15000,0.2,67,16.49496601,0.028459758,53518.74259,30,1,1.025663853
0.8,15000,0.2,68,34.78501144,0.010767319,39286.10266,13,3,1.060753107
0.8,15000,0.2,68,17.52021973,0.026211993,53202.00291,21,1,1.086549997
0.8,15000,0.2,68,17.15274486,0.021303786,49661.44378,19,2,1.009443045
0.9,15000,0.2,69,42.1371288,0.011093343,24809.99653,8,2,0.872752905
0.9,15000,0.2,69,36.89589569,0.007084313,16275.31365,6,3,0.793373108
0.9,15000,0.2,69,38.76267973,0.007655699,14659.77835,5,1,8.635947943
1,15000,0.2,70,52.30864198,0.009213898,0,0,2,8.585814953
1,15000,0.2,70,52,0.014747032,0,0,1,6.391490221
1,15000,0.2,70,43.69135802,0.015856341,0,0,3,7.438760996
0.6,20000,0.2,71,25.46669575,0.018711664,41177.93354,39,1,5.001288891
0.6,20000,0.2,71,23.66571296,0.018859137,49106.69557,38,2,4.7225492
0.6,20000,0.2,71,25.75224945,0.020478425,46549.68949,42,3,3.572993994
0.7,20000,0.2,72,28.47445281,0.019189122,30063.89052,23,3,3.085197926
0.7,20000,0.2,72,27.98765432,0.022016775,43206.74874,34,1,3.004495144
0.7,20000,0.2,72,24.47123319,0.020775282,43366.82193,27,2,2.592388868
0.8,20000,0.2,73,30.85851765,0.015848766,34991.23369,17,2,3.493194818
0.8,20000,0.2,73,30.15968208,0.014967663,35139.06802,15,1,3.693884134
0.8,20000,0.2,73,28.04263941,0.011115925,41349.7292,18,3,2.457485914
0.9,20000,0.2,74,41.45229367,0.01307869,19812.16169,9,3,3.182837963
0.9,20000,0.2,74,36.18602267,0.012416417,21460.56501,9,2,2.992246151
0.9,20000,0.2,74,28.72008147,0.014465403,33199.6442,12,1,2.66166687
1,20000,0.2,75,47.9382716,0.015519855,0,0,3,2.331815958
1,20000,0.2,75,50.86419753,0.009368106,0,0,1,2.410537958
1,20000,0.2,75,45.62962963,0.011551587,0,0,2,2.589807034
0.6,0,0.3,76,21.23069314,0.072903911,51013.3479,44,2,3.111767054
0.6,0,0.3,76,31.71506205,0.062267914,46474.96437,39,3,2.750195026
0.6,0,0.3,76,21.46299375,0.070265021,52471.98005,41,1,2.700602055
0.7,0,0.3,77,18.36908068,0.072173753,67877.50914,24,3,2.582468033
0.7,0,0.3,77,24.04651032,0.057807209,54042.32664,25,1,3.069889784
0.7,0,0.3,77,27.72288294,0.054225479,50088.38279,35,2,2.725417137
0.8,0,0.3,78,24.62073833,0.041793305,47490.44944,15,2,3.687243938
0.8,0,0.3,78,30.82428638,0.042294502,50086.13407,16,3,3.910149097
0.8,0,0.3,78,19.62174381,0.064886933,58583.53425,25,1,3.052470922
0.9,0,0.3,79,27.69717576,0.043643008,47207.89823,15,3,2.545823097
0.9,0,0.3,79,31.05803391,0.040992084,44464.56716,16,1,2.349923849
0.9,0,0.3,79,28.42995059,0.038578412,42740.87001,13,2,2.278978109
1,0,0.3,80,52.87654321,0.008372952,0,0,2,2.630857944
1,0,0.3,80,56.92592593,0.020123674,0,0,3,1.732290983
1,0,0.3,80,48.79012346,0.016900675,0,0,1,1.546172142
0.6,5000,0.3,81,4.369590706,0.044195302,72729.5267,33,3,1.651048899
0.6,5000,0.3,81,7.340109037,0.0391194,61781.16268,38,2,1.688309908
0.6,5000,0.3,81,8.871895649,0.039283718,69634.61799,46,1,2.226050138
0.7,5000,0.3,82,10.1159846,0.037936976,66861.71341,31,1,1.817510843
0.7,5000,0.3,82,10.14563598,0.039938728,62732.0435,37,3,2.291055918
0.7,5000,0.3,82,10.95100701,0.033400571,67018.42924,20,2,1.798783064
0.8,5000,0.3,83,12.8914271,0.040990928,65983.40678,22,2,1.996412039
0.8,5000,0.3,83,11.88839456,0.029448116,60566.64024,20,3,1.828979969
0.8,5000,0.3,83,24.54967197,0.018081916,46732.76584,12,1,1.652215004
0.9,5000,0.3,84,29.88919608,0.014848779,36348.30838,9,1,1.739304066
0.9,5000,0.3,84,29.73287343,0.039284462,26023.20303,8,2,1.749880791
0.9,5000,0.3,84,29.92070511,0.017135539,31318.23946,8,3,1.64845109
1,5000,0.3,85,53.37037037,0.009433871,0,0,1,1.649248123
1,5000,0.3,85,52.48148148,0.018457361,0,0,3,1.794540882
1,5000,0.3,85,46.18518519,0.008590042,0,0,2,1.854093075
0.6,10000,0.3,86,20.83799262,0.028305038,53564.97398,38,3,1.938305855
0.6,10000,0.3,86,20.48418733,0.027181462,43415.56942,37,1,1.825870037
0.6,10000,0.3,86,15.58699366,0.027804744,55308.90007,46,2,1.851155043
0.7,10000,0.3,87,15.77777778,0.029043109,53479.98793,28,2,1.882766008
0.7,10000,0.3,87,13.8610519,0.029556221,55012.74201,34,3,1.986414909
0.7,10000,0.3,87,17.87019521,0.024949701,50507.55449,23,1,2.11849618
0.8,10000,0.3,88,23.68891054,0.022336257,47131.34854,20,3,2.007810831
0.8,10000,0.3,88,19.18077755,0.026070556,41501.60317,20,1,1.994163036
0.8,10000,0.3,88,24.04240466,0.022515862,43045.14954,18,2,1.991830111
0.9,10000,0.3,89,27.59574799,0.020903957,38200.07551,15,1,1.996778965
0.9,10000,0.3,89,44.13329673,0.02507091,12442.75033,4,2,2.112923861
0.9,10000,0.3,89,36.83405319,0.013096063,18913.64215,8,3,2.260070086
1,10000,0.3,90,47.13580247,0.017761524,0,0,2,1.457330942
1,10000,0.3,90,46.24691358,0.011394767,0,0,3,1.41793108
1,10000,0.3,90,44.2962963,0.012975586,0,0,1,1.507075071
0.6,15000,0.3,91,25.73689082,0.018209929,39134.41635,48,2,1.473822832
0.6,15000,0.3,91,31.31603154,0.01744985,37392.69123,45,3,1.478880167
0.6,15000,0.3,91,36.06754104,0.014849826,28794.11964,40,1,1.543439865
0.7,15000,0.3,92,27.6920846,0.014003334,26636.616,25,3,1.545861006
0.7,15000,0.3,92,37.906796,0.01958541,33916.39461,29,1,1.624073982
0.7,15000,0.3,92,35.81390142,0.013401295,36324.24862,24,2,1.616455078
0.8,15000,0.3,93,21.82864307,0.019336778,44679.06393,24,1,1.715830088
0.8,15000,0.3,93,29.82684232,0.019591137,30673.99884,17,2,1.559607983
0.8,15000,0.3,93,35.4142935,0.015494163,32446.32669,24,3,1.73098588
0.9,15000,0.3,94,41.08855251,0.010413248,19556.72066,11,2,1.619249105
0.9,15000,0.3,94,40.61195981,0.00953669,20884.73414,12,1,1.624169827
0.9,15000,0.3,94,41.47511391,0.01099179,19614.93251,10,3,1.718806028
1,15000,0.3,95,49.90123457,0.011753156,0,0,2,1.598314047
1,15000,0.3,95,50.28395062,0.016401958,0,0,3,1.621601105
1,15000,0.3,95,50.66666667,0.009827395,0,0,1,1.693130016
0.6,20000,0.3,96,43.93529801,0.005954113,14538.1645,38,3,1.723514795
0.6,20000,0.3,96,40.29645952,0.005939178,7445.541967,33,2,1.696197033
0.6,20000,0.3,96,47.25979238,0.005471171,9831.412742,36,1,1.689766169
0.7,20000,0.3,97,42.75308642,0.008577315,19230.14207,32,1,1.76252985
0.7,20000,0.3,97,39.56809765,0.007160887,15822.36186,32,3,1.774855137
0.7,20000,0.3,97,42.9704021,0.00852948,15339.53278,30,2,1.733677864
0.8,20000,0.3,98,44.15296379,0.006091647,22005.71521,22,2,1.774706125
0.8,20000,0.3,98,42.61349731,0.003981753,20446.87607,19,1,1.758862972
0.8,20000,0.3,98,42.19903521,0.033438712,20710.69012,25,3,1.903256893
0.9,20000,0.3,99,44.20652859,0.006746079,9121.393498,10,2,1.810206175
0.9,20000,0.3,99,47.79642632,0.003730532,8299.78743,11,3,1.852894783
0.9,20000,0.3,99,48.37573231,0.006178966,10410.39298,9,1,1.942606211
1,20000,0.3,100,49.54320988,0.009101995,0,0,3,1.922174931
1,20000,0.3,100,47.39506173,0.015618497,0,0,2,1.954746962
1,20000,0.3,100,54.58024691,0.005175575,0,0,1,1.972563982
0.6,0,0.4,101,22.26951437,0.087029595,59242.3525,45,1,2.163521051
0.6,0,0.4,101,23.12537939,0.064383647,54692.57825,48,3,2.297405958
0.6,0,0.4,101,17.91608377,0.068269627,47452.75543,42,2,1.765584946
0.7,0,0.4,102,22.47184881,0.076718283,47864.95952,30,1,1.349732161
0.7,0,0.4,102,24.68563754,0.085249778,51798.83161,29,2,1.351516008
0.7,0,0.4,102,21.89534301,0.068216581,59979.69622,25,3,1.344269991
0.8,0,0.4,103,25.98365203,0.061710844,55635.20695,29,2,1.404675961
0.8,0,0.4,103,35.80980699,0.045921429,46952.23303,19,3,1.333139896
0.8,0,0.4,103,34.97455357,0.037653774,36196.3047,12,1,1.243083
0.9,0,0.4,104,36.41390591,0.025631833,32409.47392,9,2,13.58159113
0.9,0,0.4,104,24.4890324,0.035079087,49263.57198,12,3,14.0187521
0.9,0,0.4,104,25.10777054,0.040847171,41751.66556,12,1,6.13530302
1,0,0.4,105,47.07407407,0.008675296,0,0,3,5.585342169
1,0,0.4,105,52.7037037,0.019531154,0,0,1,5.885638952
1,0,0.4,105,46.12345679,0.013780011,0,0,2,6.434108973
0.6,5000,0.4,106,6.684979251,0.036398397,63805.38448,40,1,6.501320124
0.6,5000,0.4,106,6.758469599,0.035583963,74278.98694,47,2,5.369257927
0.6,5000,0.4,106,12.68026885,0.03421685,61211.93793,37,3,4.223125935
0.7,5000,0.4,107,15.04853815,0.035914337,64234.70445,36,2,3.747142076
0.7,5000,0.4,107,15.19648665,0.032311876,64332.98937,30,3,4.339206934
0.7,5000,0.4,107,14.22951407,0.03548413,68421.87222,31,1,3.360337973
0.8,5000,0.4,108,23.65189149,0.023507293,49827.18635,15,2,2.915052176
0.8,5000,0.4,108,22.83575219,0.022052974,55360.17063,16,1,3.469923019
0.8,5000,0.4,108,13.4254501,0.038230471,65170.11758,27,3,3.267210007
0.9,5000,0.4,109,14.00592243,0.026805816,52595.3452,16,1,4.276211977
0.9,5000,0.4,109,29.4569049,0.016765824,41599.21731,12,2,3.345721006
0.9,5000,0.4,109,33.04232338,0.012640989,30554.48516,8,3,4.799012899
1,5000,0.4,110,45.95061728,0.027556522,0,0,2,3.545666933
1,5000,0.4,110,43.97530864,0.009099374,0,0,1,3.699817181
1,5000,0.4,110,50.2962963,0.010112438,0,0,3,2.927687883
0.6,10000,0.4,111,27.54144708,0.019948041,40736.07612,39,1,3.118252993
0.6,10000,0.4,111,28.8615422,0.019266415,42278.67562,44,2,2.709280968
0.6,10000,0.4,111,25.49953275,0.02213949,44273.37379,37,3,1.970489025
0.7,10000,0.4,112,24.47844515,0.02252449,33013.37347,32,2,2.03224802
0.7,10000,0.4,112,24.09832794,0.023228641,46082.78522,32,1,3.001831055
0.7,10000,0.4,112,28.82718391,0.021461582,39190.11987,35,3,2.601513863
0.8,10000,0.4,113,33.07934788,0.012867135,31020.69912,15,1,2.743499041
0.8,10000,0.4,113,28.48041404,0.022395358,35031.35827,20,2,3.260651112
0.8,10000,0.4,113,22.81212012,0.013034636,39923.8556,18,3,2.334501028
0.9,10000,0.4,114,45.65848153,0.006377641,12348.41011,6,2,2.047428846
0.9,10000,0.4,114,35.05443604,0.021033938,34584.44169,19,3,1.597328186
0.9,10000,0.4,114,39.50691071,0.008792449,27406.11678,11,1,1.492762804
1,10000,0.4,115,47.30864198,0.007887773,0,0,3,1.499251127
1,10000,0.4,115,52.50617284,0.006958674,0,0,1,1.617184877
1,10000,0.4,115,51.77777778,0.016706181,0,0,2,1.714903116
0.6,15000,0.4,116,48.16236712,0.008259532,14238.56487,32,2,1.763711929
0.6,15000,0.4,116,41.85286084,0.008895719,20562.20393,37,3,1.826519966
0.6,15000,0.4,116,43.19025411,0.003506299,13245.30858,50,1,2.059525013
0.7,15000,0.4,117,39.99441493,0.009120763,16976.40611,34,2,2.048314095
0.7,15000,0.4,117,41.75345968,0.00459854,20691.08995,29,1,1.895397902
0.7,15000,0.4,117,41.80142548,0.008262151,19556.74492,32,3,1.91072607
0.8,15000,0.4,118,36.37650511,0.008477965,19571.71902,25,1,1.865053892
0.8,15000,0.4,118,47.50072038,0.00701897,16426.10225,24,2,1.792636156
0.8,15000,0.4,118,36.73266505,0.008708766,19492.41119,21,3,2.075438976
0.9,15000,0.4,119,44.5912684,0.008305461,11020.57446,13,3,2.032347918
0.9,15000,0.4,119,45.80432154,6.594137112,7896.844807,8,1,1.88986516
0.9,15000,0.4,119,50.06285474,0.006170623,10489.26612,8,2,1.819904804
1,15000,0.4,120,48.80246914,0.011379521,0,0,2,1.857786179
1,15000,0.4,120,47.58024691,0.01383789,0,0,3,1.984630823
1,15000,0.4,120,46.92592593,0.010381811,0,0,1,1.887674093
0.6,20000,0.4,121,54.83950617,0.002004104,6497.452402,41,2,2.07682395
0.6,20000,0.4,121,48.60493827,0.003639609,4811.666987,42,3,1.942970991
0.6,20000,0.4,121,54.16049383,0.001979743,5339.801596,33,1,2.080425978
0.7,20000,0.4,122,49.90123457,0.002191613,5656.047091,30,1,2.073678017
0.7,20000,0.4,122,54.80246914,0.002516621,6143.226918,38,3,2.067831039
0.7,20000,0.4,122,53.48148148,0.002880177,7664.512051,29,2,2.156496048
0.8,20000,0.4,123,47.17283951,0.002966235,7706.501926,18,3,1.820663929
0.8,20000,0.4,123,49.62962963,0.002698141,6763.33045,21,2,1.472495079
0.8,20000,0.4,123,54.7037037,0.003832197,6199.38785,14,1,1.476233959
0.9,20000,0.4,124,50.56790123,0.003832292,6876.235562,8,1,1.527414083
0.9,20000,0.4,124,51.16049383,0.004999725,7281.820934,8,3,1.452839851
0.9,20000,0.4,124,52.0617284,0.002581114,7370.373068,12,2,1.448927164
1,20000,0.4,125,49.9382716,0.008427587,0,0,3,1.427795887
1,20000,0.4,125,50.20987654,0.019931287,0,0,2,1.462393045
1,20000,0.4,125,41.65432099,0.022376197,0,0,1,1.490180969
0.6,0,0.5,126,22.81360163,0.112287124,60970.59259,34,1,1.531058073
0.6,0,0.5,126,33.38091409,0.05821292,59711.2046,46,3,1.535512924
0.6,0,0.5,126,23.11378753,0.06122351,57239.53732,33,2,1.52264905
0.7,0,0.5,127,21.67254273,0.058945041,56147.64948,21,3,1.611826897
0.7,0,0.5,127,23.79768001,0.075131993,51265.42875,29,2,1.838829994
0.7,0,0.5,127,21.42198867,0.075584499,59412.47919,26,1,1.58894515
0.8,0,0.5,128,23.56514264,0.053712844,53367.11061,18,1,1.643390894
0.8,0,0.5,128,30.07321234,0.035689467,45845.74215,13,3,1.584666967
0.8,0,0.5,128,27.1866515,0.041058931,53299.55556,15,2,1.718992949
0.9,0,0.5,129,31.93809872,0.040394315,37400,12,1,1.654365063
0.9,0,0.5,129,24.96197712,0.042908479,42832.48323,14,3,1.699620962
0.9,0,0.5,129,30.29349868,0.035935883,38581.81285,13,2,1.71698308
1,0,0.5,130,49.35802469,0.009331086,0,0,2,1.726643085
1,0,0.5,130,51.45679012,0.018955011,0,0,3,1.769567013
1,0,0.5,130,48.88888889,0.009313181,0,0,1,1.76627183
0.6,5000,0.5,131,19.51392589,0.028662684,53907.5769,41,2,1.772274971
0.6,5000,0.5,131,13.92379628,0.031839922,59657.07894,37,3,2.082293987
0.6,5000,0.5,131,13.74943593,0.031193921,60156.14779,38,1,2.148904085
0.7,5000,0.5,132,19.82384983,0.031975831,50067.56012,35,3,1.976170063
0.7,5000,0.5,132,11.99879436,0.032067806,60081.54956,27,1,1.991852045
0.7,5000,0.5,132,17.3333931,0.033644427,54110.85477,31,2,1.970862865
0.8,5000,0.5,133,25.90779164,0.02702279,45362.65079,17,3,1.950793982
0.8,5000,0.5,133,21.98463864,0.029833943,47732.92589,25,1,1.763453007
0.8,5000,0.5,133,18.90950848,0.026976455,50002.13518,21,2,1.46399498
0.9,5000,0.5,134,35.53494093,0.013207609,16510.54391,6,2,1.228075027
0.9,5000,0.5,134,34.02451402,0.007905116,25177.97797,7,1,0.82517004
0.9,5000,0.5,134,27.17705086,0.02114591,46571.58015,17,3,0.885453939
1,5000,0.5,135,49.40740741,0.016410739,0,0,2,0.839297056
1,5000,0.5,135,54.90123457,0.00851112,0,0,3,0.87789011
1,5000,0.5,135,45.98765432,0.013322656,0,0,1,0.87343502
0.6,10000,0.5,136,38.3037972,0.011778152,21384.44914,30,3,0.905884981
0.6,10000,0.5,136,37.39387361,0.012809108,30864.37623,35,2,0.92869091
0.6,10000,0.5,136,36.28377787,0.013835116,27456.43195,36,1,0.950968981
0.7,10000,0.5,137,34.55381802,0.01268048,35866.75354,27,3,0.949321985
0.7,10000,0.5,137,37.64194557,0.010764201,28744.18943,26,1,0.971172094
0.7,10000,0.5,137,35.03791744,0.01919815,31608.29169,30,2,0.965071917
0.8,10000,0.5,138,33.75165484,0.014675374,37033.99167,27,3,0.889269114
0.8,10000,0.5,138,36.4639323,0.013648937,23582.29946,22,2,10.82526493
0.8,10000,0.5,138,36.87750491,0.013701402,26558.38768,16,1,3.420589924
0.9,10000,0.5,139,41.47894084,0.010342472,15941.82117,9,2,6.637638092
0.9,10000,0.5,139,40.41040664,0.01113083,11784.25911,9,3,5.772840023
0.9,10000,0.5,139,46.46348336,0.007482486,9444.31775,8,1,2.676610947
1,10000,0.5,140,46.44444444,0.026434304,0,0,3,3.452173948
1,10000,0.5,140,47.71604938,0.015009382,0,0,2,2.937305927
1,10000,0.5,140,45.13580247,0.013097823,0,0,1,3.228078127
0.6,15000,0.5,141,48.55555556,0.004380256,4807.788951,40,3,4.163062096
0.6,15000,0.5,141,50.56790123,0.00327424,6350.144168,37,1,3.43312192
0.6,15000,0.5,141,51.62962963,0.00336236,6749.364634,40,2,5.35674715
0.7,15000,0.5,142,47.61728395,0.003939638,5579.346179,37,1,4.653578043
0.7,15000,0.5,142,49.01234568,0.003683661,5727.471162,29,3,3.175326824
0.7,15000,0.5,142,52.37037037,0.002328397,7003.843076,32,2,3.613296032
0.8,15000,0.5,143,46.33333333,0.003105269,7025.839467,26,2,2.412569046
0.8,15000,0.5,143,48.50617284,0.002710598,6455.046582,20,3,2.643857956
0.8,15000,0.5,143,46.87654321,0.002113412,7945.708387,13,1,2.960668087
0.9,15000,0.5,144,52.05508803,0.002101147,7588.748015,10,2,2.939635992
0.9,15000,0.5,144,50.98765432,0.003995261,7141.3332,11,3,2.850828886
0.9,15000,0.5,144,48.95061728,0.002395848,7301.83639,9,1,2.541544199
1,15000,0.5,145,51.35802469,0.015669723,0,0,3,2.574829817
1,15000,0.5,145,43.9382716,0.010723916,0,0,1,2.93039608
1,15000,0.5,145,48.48148148,0.0113213,0,0,2,3.017441034
0.6,20000,0.5,146,53.45679012,0.004284949,4965.00703,42,3,2.448112965
0.6,20000,0.5,146,49.7037037,0.003433782,4871.071013,51,1,3.995399952
0.6,20000,0.5,146,46.69135802,0.004506972,5366.014956,38,2,2.382946014
0.7,20000,0.5,147,50.41975309,0.00323428,6269.538224,21,2,3.12055397
0.7,20000,0.5,147,48.22222222,0.00261868,7525.169524,28,1,2.656219006
0.7,20000,0.5,147,52.55555556,0.003238655,6809.540761,32,3,2.92930913
0.8,20000,0.5,148,51.03703704,0.002160864,7037.099253,33,2,3.216531038
0.8,20000,0.5,148,53.81481481,0.002387693,7763.372352,21,1,2.880807877
0.8,20000,0.5,148,49.27160494,0.003900918,7350.139978,24,3,2.899477959
0.9,20000,0.5,149,45.56790123,0.003759927,7103.519841,15,3,2.056534052
0.9,20000,0.5,149,49.12345679,0.004629636,7393.458043,13,2,1.605924129
0.9,20000,0.5,149,45.24691358,0.003913082,7347.203155,9,1,1.580462933
1,20000,0.5,150,52.62962963,0.010492716,0,0,2,1.62795496
1,20000,0.5,150,54.0617284,0.006632748,0,0,1,1.638895988
1,20000,0.5,150,46.95061728,0.009754725,0,0,3,2.501980066
0.6,0,0.6,151,27.17786235,0.059482282,56607.21191,33,3,1.831930876
0.6,0,0.6,151,24.01348459,0.0711099,56890.10583,44,2,2.017960072
0.6,0,0.6,151,24.16313339,0.067177599,60750.48261,42,1,2.322205067
0.7,0,0.6,152,22.48936217,0.065637307,59428.03941,23,2,2.301511049
0.7,0,0.6,152,19.5111596,0.074224262,54882.31776,31,1,1.790390968
0.7,0,0.6,152,20.78580524,0.067006483,56754.00165,31,3,1.706971884
0.8,0,0.6,153,32.76952952,0.032874789,36075.80137,12,3,1.831726074
0.8,0,0.6,153,24.03307976,0.055962787,51741.6027,19,2,1.713493109
0.8,0,0.6,153,25.15383018,0.046570057,55134.6658,19,1,1.797475815
0.9,0,0.6,154,31.97211083,0.035314701,32611.51216,12,2,1.797161102
0.9,0,0.6,154,28.38871484,0.036947645,43820,13,1,1.876704931
0.9,0,0.6,154,26.80134387,0.049681277,39992.61393,14,3,1.963429928
1,0,0.6,155,52.86419753,0.006804725,0,0,3,1.931662083
1,0,0.6,155,43.96296296,0.025351362,0,0,1,2.072371006
1,0,0.6,155,49.96296296,0.009172213,0,0,2,1.880326986
0.6,5000,0.6,156,22.42915085,0.028564956,49211.86725,45,3,2.155004978
0.6,5000,0.6,156,18.75929337,0.024284728,52082.89256,43,1,2.071794987
0.6,5000,0.6,156,17.95562588,0.027225736,50263.60915,37,2,1.992165089
0.7,5000,0.6,157,37.25874988,0.016753672,30218.42556,18,2,2.122318983
0.7,5000,0.6,157,26.75330578,0.026308068,40625.70519,29,3,2.063597918
0.7,5000,0.6,157,22.48921851,0.028178326,47240.08034,26,1,2.124973059
0.8,5000,0.6,158,30.17513546,0.015202947,27823.79957,15,1,2.045848131
0.8,5000,0.6,158,25.94276781,0.017010999,36548.28289,14,2,1.969789982
0.8,5000,0.6,158,28.15569813,0.023848992,33973.07875,23,3,1.502262831
0.9,5000,0.6,159,41.0797271,0.008969118,16669.01498,8,1,1.426102161
0.9,5000,0.6,159,46.26836596,0.013157572,11055.80807,5,3,1.572250843
0.9,5000,0.6,159,37.42742318,0.013969927,22884.50784,10,2,1.467895031
1,5000,0.6,160,46.88888889,0.029763301,0,0,3,1.473655939
1,5000,0.6,160,50.2345679,0.006908888,0,0,1,1.562190056
1,5000,0.6,160,48.16049383,0.012361544,0,0,2,1.605034113
0.6,10000,0.6,161,44.54164049,0.006860592,20280.56335,39,2,1.591405869
0.6,10000,0.6,161,42.77186969,0.010656446,13165.77326,35,3,1.614768982
0.6,10000,0.6,161,47.46873471,0.005766936,15813.60276,48,1,1.694394112
0.7,10000,0.6,162,44.87640899,0.007034019,17674.17356,29,3,1.604486942
0.7,10000,0.6,162,47.69055707,0.007569614,18790.25967,39,1,1.675883055
0.7,10000,0.6,162,50.18225403,0.007499697,15584.84838,22,2,1.681447983
0.8,10000,0.6,163,46.89458831,0.008674026,16281.90091,17,1,1.612390041
0.8,10000,0.6,163,45.28080892,0.006227923,15260.67288,17,2,1.628411055
0.8,10000,0.6,163,46.98680226,0.006919533,14693.06661,17,3,1.630522013
0.9,10000,0.6,164,46.27843336,0.005229678,10008.8058,9,1,1.649584055
0.9,10000,0.6,164,50.94647843,0.006661875,13907.57677,14,3,1.672460079
0.9,10000,0.6,164,44.80085733,0.005394423,9615.491885,12,2,1.707263947
1,10000,0.6,165,49.67901235,0.00558168,0,0,1,1.717464924
1,10000,0.6,165,49.12345679,0.013660391,0,0,2,1.713254929
1,10000,0.6,165,47.60493827,0.013868903,0,0,3,1.769528151
0.6,15000,0.6,166,49.85185185,0.002394997,6005.996976,45,1,1.893935919
0.6,15000,0.6,166,52.83950617,0.003098385,6551.357009,44,3,1.777300119
0.6,15000,0.6,166,56.60493827,0.002247217,5661.481724,38,2,1.813863993
0.7,15000,0.6,167,45.09876543,0.004727229,7254.491998,31,1,1.822409868
0.7,15000,0.6,167,51.95061728,0.002436507,6820.559752,30,2,1.864563942
0.7,15000,0.6,167,51.27160494,0.003019418,7503.415973,28,3,1.833415985
0.8,15000,0.6,168,46.17283951,0.003063777,7281.631543,14,1,1.891943216
0.8,15000,0.6,168,52.59259259,0.00273155,6374.08205,16,3,1.940500975
0.8,15000,0.6,168,43.19753086,0.005008171,6289.332009,16,2,1.967043161
0.9,15000,0.6,169,51.37037037,0.007896971,5946.495094,5,3,2.00158596
0.9,15000,0.6,169,48.22222222,0.003149907,7281.36608,13,1,2.069339991
0.9,15000,0.6,169,49.88888889,0.005300196,7493.692555,13,2,2.217020035
1,15000,0.6,170,51.37037037,0.008056371,0,0,1,2.21517086
1,15000,0.6,170,53.83950617,0.0148945,0,0,2,1.318880081
1,15000,0.6,170,52.67901235,0.009636823,0,0,3,1.354001045
0.6,20000,0.6,171,51.24691358,0.003447754,7281.115025,30,2,1.369730949
0.6,20000,0.6,171,48.91358025,0.003744791,7267.641652,35,3,1.375630856
0.6,20000,0.6,171,47.07407407,0.003098948,6148.893284,44,1,1.401477098
0.7,20000,0.6,172,47.0617284,0.002274793,7004.155466,25,3,1.309726954
0.7,20000,0.6,172,49.01234568,0.002774446,7871.505875,20,1,1.079899073
0.7,20000,0.6,172,49.95061728,0.003925501,5494.115845,28,2,0.996085882
0.8,20000,0.6,173,51.7037037,0.002959584,7516.891023,24,3,29.42970181
0.8,20000,0.6,173,53.14814815,0.003304228,6262.325767,23,1,10.29084611
0.8,20000,0.6,173,46.40740741,0.002762983,7266.64024,22,2,6.307761908
0.9,20000,0.6,174,46.09876543,0.003229189,7790.195416,14,1,5.558783054
0.9,20000,0.6,174,55.7654321,0.003960459,7400.069987,10,2,6.069329977
0.9,20000,0.6,174,53.45679012,0.002889295,7306.379844,16,3,5.074872017
1,20000,0.6,175,50.82716049,0.00675025,0,0,2,5.11029911
1,20000,0.6,175,53.28395062,0.006785011,0,0,1,3.649764061
1,20000,0.6,175,51.40740741,0.018908715,0,0,3,3.970054865
0.6,0,0.7,176,24.66530552,0.065627337,58102.20506,47,3,3.51474309
0.6,0,0.7,176,25.27288873,0.066055587,58482.81379,36,2,3.864902973
0.6,0,0.7,176,19.5662498,0.069635247,57976.44845,31,1,3.603040934
0.7,0,0.7,177,25.6428781,0.063564597,47859.26874,28,3,3.261979103
0.7,0,0.7,177,18.52136469,0.076048682,60371.64953,34,1,4.00660491
0.7,0,0.7,177,28.56625117,0.053361596,52157.51352,21,2,3.713626146
0.8,0,0.7,178,31.38787123,0.032564551,43753.63131,12,1,5.14059186
0.8,0,0.7,178,24.5560238,0.041675403,48998.09382,15,3,4.078089952
0.8,0,0.7,178,26.58308772,0.059335911,48753.18274,23,2,2.818958998
0.9,0,0.7,179,34.98316513,0.024400799,35635.00032,11,2,2.563922167
0.9,0,0.7,179,40.79827154,0.021328448,27295.83987,7,1,2.49631691
0.9,0,0.7,179,29.72089349,0.031770775,39582.48869,11,3,2.846788883
1,0,0.7,180,45.49382716,0.014409348,0,0,3,1.908797026
1,0,0.7,180,49.96296296,0.022161854,0,0,2,2.050124168
1,0,0.7,180,45.77777778,0.009019772,0,0,1,2.276100874
0.6,5000,0.7,181,22.54520086,0.022718823,47753.92551,41,3,2.950778961
0.6,5000,0.7,181,27.26086777,0.022505274,36783.0234,38,1,3.060319185
0.6,5000,0.7,181,21.85159598,0.024641005,39717.96191,51,2,2.778827906
0.7,5000,0.7,182,31.10893455,0.018561066,35813.78569,26,1,2.485519886
0.7,5000,0.7,182,25.6025783,0.035947893,45029.4455,37,3,2.095411062
0.7,5000,0.7,182,25.09848591,0.022968032,42522.01151,35,2,2.04522109
0.8,5000,0.7,183,32.68594992,0.011667566,24229.43599,12,1,1.912114859
0.8,5000,0.7,183,30.04643966,0.016122981,27024.23401,22,2,1.480032206
0.8,5000,0.7,183,26.54896568,0.020401452,35117.06374,24,3,1.57453084
0.9,5000,0.7,184,34.2793074,0.018557265,25266.21177,15,2,1.670855045
0.9,5000,0.7,184,37.92616639,0.013944271,17921.9907,9,3,1.75831604
0.9,5000,0.7,184,36.69028301,0.01494741,24798.70113,12,1,1.785034895
1,5000,0.7,185,52.66666667,0.010278874,0,0,3,1.740194082
1,5000,0.7,185,44.48148148,0.017418029,0,0,1,1.840548992
1,5000,0.7,185,50.96296296,0.012833206,0,0,2,1.803195
0.6,10000,0.7,186,43.2962963,0.00323871,5738.59464,43,3,1.983115911
0.6,10000,0.7,186,53.64197531,0.002627327,6195.658397,44,1,1.91865015
0.6,10000,0.7,186,48.67901235,0.004168653,5687.297904,39,2,1.841933012
0.7,10000,0.7,187,49.96296296,0.003577745,6903.74345,38,1,1.816991806
0.7,10000,0.7,187,49.27365743,0.003144254,7221.164748,34,2,1.905527115
0.7,10000,0.7,187,52.18059591,0.002161182,9014.089326,32,3,1.776665926
0.8,10000,0.7,188,49.78843427,0.003500389,7682.82496,13,2,1.834926128
0.8,10000,0.7,188,45.93200202,0.002785146,9287.638721,21,3,1.892534018
0.8,10000,0.7,188,50.65684636,0.003787594,7828.249301,16,1,1.866073847
0.9,10000,0.7,189,51.80246914,0.003941613,6532.052197,6,3,1.963575125
0.9,10000,0.7,189,50.59259259,0.003619077,6467.614296,7,1,1.999137878
0.9,10000,0.7,189,49.37037037,0.005321815,6930.42335,10,2,1.86304903
1,10000,0.7,190,49.34567901,0.02480077,0,0,2,2.065534115
1,10000,0.7,190,45.11111111,0.013202223,0,0,3,2.020884037
1,10000,0.7,190,42.90123457,0.017105022,0,0,1,2.075830936
0.6,15000,0.7,191,49.51851852,0.002466578,6782.033516,41,2,2.13308692
0.6,15000,0.7,191,47.14814815,0.003088069,5221.545207,43,1,2.032420158
0.6,15000,0.7,191,51.59259259,0.00292518,6252.975459,43,3,2.127194881
0.7,15000,0.7,192,46.83950617,0.004164739,5786.023529,29,1,1.863982916
0.7,15000,0.7,192,48.34567901,0.00296407,5969.434856,31,2,1.546540976
0.7,15000,0.7,192,50.16049383,0.002356559,5592.197336,25,3,1.558727026
0.8,15000,0.7,193,39.79012346,0.005235906,6145.919957,19,3,1.407200098
0.8,15000,0.7,193,48.82716049,0.002867897,6409.549359,18,1,1.403477907
0.8,15000,0.7,193,49.71604938,0.003464937,7679.916923,18,2,1.422435999
0.9,15000,0.7,194,52.71604938,0.002168523,7932.588625,12,2,1.486798048
0.9,15000,0.7,194,50.62962963,0.004798907,7446.425001,12,1,1.53105998
0.9,15000,0.7,194,51.9382716,0.00286189,7079.033807,15,3,1.504258156
1,15000,0.7,195,53.49382716,0.007232594,0,0,3,1.460140944
1,15000,0.7,195,54.5308642,0.015523344,0,0,2,1.537339926
1,15000,0.7,195,46.79012346,0.018701368,0,0,1,1.68263793
0.6,20000,0.7,196,54.30864198,0.001813696,7505.850414,39,3,1.545703173
0.6,20000,0.7,196,44.56790123,0.00286468,5560.15964,36,1,1.59077692
0.6,20000,0.7,196,50.60493827,0.002625361,4927.78115,47,2,1.596225977
0.7,20000,0.7,197,51.51851852,0.003468169,7180.812497,30,2,1.695271969
0.7,20000,0.7,197,45.27160494,0.00357174,6561.676693,26,3,1.642822981
0.7,20000,0.7,197,47.4691358,0.003408512,7253.43564,33,1,1.678042173
0.8,20000,0.7,198,51.98765432,0.001785703,7486.651116,20,3,1.691040993
0.8,20000,0.7,198,56.51851852,0.001927356,6554.990479,19,1,1.732390881
0.8,20000,0.7,198,60.01234568,0.001724497,7805.235728,27,2,1.728663921
0.9,20000,0.7,199,43.03703704,0.005092529,7330.358935,11,2,1.761053085
0.9,20000,0.7,199,45.49382716,0.004728853,6342.047213,6,3,1.743060112
0.9,20000,0.7,199,53.87654321,0.002713206,7825.882429,12,1,1.965061903
1,20000,0.7,200,52.49382716,0.020049776,0,0,3,2.162729025
1,20000,0.7,200,49,0.010303041,0,0,1,1.999847889
1,20000,0.7,200,52.77777778,0.010451194,0,0,2,1.855979204
0.6,0,0.8,201,25.32698473,0.06498139,55143.06466,48,2,1.937026978
0.6,0,0.8,201,26.71253895,0.071742123,57511.50025,38,3,2.016052008
0.6,0,0.8,201,25.15819016,0.068655329,59217.39413,45,1,1.8174088
0.7,0,0.8,202,34.64618437,0.053486566,54217.92186,30,3,1.533681154
0.7,0,0.8,202,27.17957692,0.062950764,61008.40702,34,2,1.369375944
0.7,0,0.8,202,23.45254426,0.063486352,59943.43915,28,1,1.133623123
0.8,0,0.8,203,35.04103504,0.052703873,42558.59328,23,1,0.901077986
0.8,0,0.8,203,31.25490189,0.049442601,46283.67065,22,3,0.856091976
0.8,0,0.8,203,23.5449863,0.045628731,51136.98596,17,2,0.845466852
0.9,0,0.8,204,27.36995463,0.038526221,34438.982,9,2,0.889067173
0.9,0,0.8,204,34.41570706,0.040307842,41885.08408,13,3,0.87026
0.9,0,0.8,204,28.97578646,0.034921638,44163.84747,13,1,0.933058977
1,0,0.8,205,54.51851852,0.005251903,0,0,1,0.919716835
1,0,0.8,205,49.51851852,0.018781235,0,0,2,0.902441025
1,0,0.8,205,45.39506173,0.013300363,0,0,3,0.971176147
0.6,5000,0.8,206,34.2678462,0.016556096,36836.97759,42,1,0.996323824
0.6,5000,0.8,206,36.24715113,0.011222893,27823.89502,38,3,0.901903152
0.6,5000,0.8,206,37.4632178,0.017018431,34985.5399,42,2,0.797309875
0.7,5000,0.8,207,41.71643841,0.007542893,18825.66482,29,3,0.731856108
0.7,5000,0.8,207,32.85508076,0.015252901,27232.43436,30,1,9.703283072
0.7,5000,0.8,207,35.02939334,0.012220787,23223.53683,28,2,10.34348488
0.8,5000,0.8,208,35.77707989,0.013992593,25650.02846,20,2,4.598720074
0.8,5000,0.8,208,36.33645263,0.010388437,15027.34443,16,3,9.228522062
0.8,5000,0.8,208,41.0142523,0.009491761,20916.74857,18,1,3.673260927
0.9,5000,0.8,209,45.25172421,0.006866631,11754.18596,9,3,4.048758984
0.9,5000,0.8,209,44.65112162,0.008885136,13977.15755,14,1,3.924427986
0.9,5000,0.8,209,50.86312822,0.006996263,5414.514719,5,2,2.635503054
1,5000,0.8,210,48.37037037,0.009873665,0,0,1,2.68213892
1,5000,0.8,210,48.7654321,0.017810281,0,0,2,3.125805855
1,5000,0.8,210,49.59259259,0.014013195,0,0,3,4.095226049
0.6,10000,0.8,211,44.72839506,0.003278604,6543.869419,41,2,3.466593981
0.6,10000,0.8,211,55.43209877,0.002542646,5227.311439,39,3,2.442903042
0.6,10000,0.8,211,51.49382716,0.003055066,5902.958269,36,1,3.663147926
0.7,10000,0.8,212,48.24691358,0.001950641,5761.862908,28,2,2.709169149
0.7,10000,0.8,212,49.7654321,0.001941561,7501.253569,30,3,2.557992935
0.7,10000,0.8,212,49.33333333,0.003584967,5898.406671,22,1,2.524549961
0.8,10000,0.8,213,47.32098765,0.005042747,5705.19177,16,3,2.661701918
0.8,10000,0.8,213,52.56790123,0.002109409,7433.04813,23,1,2.846780062
0.8,10000,0.8,213,52.20987654,0.001826134,7356.158283,23,2,2.489716053
0.9,10000,0.8,214,53.66666667,0.004354095,6240.659347,9,1,3.121592045
0.9,10000,0.8,214,51.7037037,0.003979887,6192.247854,12,2,2.799865961
0.9,10000,0.8,214,48.69135802,0.005449189,5209.412883,6,3,2.771131039
1,10000,0.8,215,50.92592593,0.010267382,0,0,2,2.764312983
1,10000,0.8,215,52.54320988,0.009198199,0,0,1,3.130758047
1,10000,0.8,215,46.13580247,0.012664346,0,0,3,4.083107948
0.6,15000,0.8,216,48.54320988,0.003078544,5176.819207,40,2,3.185230017
0.6,15000,0.8,216,43.58024691,0.004640359,5714.753678,38,3,2.805783033
0.6,15000,0.8,216,53.55555556,0.00360783,6121.877793,45,1,2.283638954
0.7,15000,0.8,217,48.27160494,0.00198111,6943.860043,34,3,2.300023079
0.7,15000,0.8,217,48.07407407,0.002940243,6289.969001,30,2,2.018146992
0.7,15000,0.8,217,53.38271605,0.003108754,6521.264923,28,1,2.025279999
0.8,15000,0.8,218,50.04938272,0.002475824,6863.982328,19,1,1.59029603
0.8,15000,0.8,218,50.45679012,0.003467605,6422.715276,26,3,1.648365021
0.8,15000,0.8,218,49.24691358,0.002644594,6847.51577,22,2,1.697101831
0.9,15000,0.8,219,47.64197531,0.005783183,6928.535715,10,2,1.995196104
0.9,15000,0.8,219,45.87654321,0.006855354,5974.709273,7,1,2.236670017
0.9,15000,0.8,219,48.37037037,0.004632661,6819.557893,7,3,2.131566048
1,15000,0.8,220,53.59259259,0.009866384,0,0,2,2.077872992
1,15000,0.8,220,50.80246914,0.016651811,0,0,3,1.994578838
1,15000,0.8,220,51.86419753,0.01338914,0,0,1,1.94678998
0.6,20000,0.8,221,46.65432099,0.003449689,5048.987943,37,3,1.712260962
0.6,20000,0.8,221,50.30864198,0.002988799,5963.732562,36,2,1.800733089
0.6,20000,0.8,221,49.40740741,0.002992235,5402.398404,33,1,1.816097021
0.7,20000,0.8,222,49.11111111,0.003068836,7578.608288,27,1,1.713483095
0.7,20000,0.8,222,49.51851852,0.002873624,6362.306791,34,3,1.753255844
0.7,20000,0.8,222,49.92592593,0.003524507,6888.770024,35,2,1.825764179
0.8,20000,0.8,223,55.38271605,0.002163711,6418.333921,18,1,1.954838991
0.8,20000,0.8,223,49.83950617,0.003583958,7515.676113,13,2,2.010307789
0.8,20000,0.8,223,52.01234568,0.002970652,7212.771448,22,3,1.947292089
0.9,20000,0.8,224,51.12345679,0.007252745,6334.982462,6,2,1.94208312
0.9,20000,0.8,224,54.66666667,0.003196482,7649.886821,9,3,2.088742971
0.9,20000,0.8,224,41.72839506,0.004538713,7228.857264,18,1,2.029996872
1,20000,0.8,225,53.77777778,0.009136573,0,0,2,2.087419987
1,20000,0.8,225,47.24691358,0.014807552,0,0,3,2.054672003
1,20000,0.8,225,53.72839506,0.008490694,0,0,1,1.872292995
0.6,0,0.9,226,22.78052489,0.060900168,61493.42264,23,3,1.457139015
0.6,0,0.9,226,28.62866359,0.076659294,43000.30366,35,1,1.413197994
0.6,0,0.9,226,15.91351016,0.075127695,66217.8787,40,2,1.494769096
0.7,0,0.9,227,22.07596081,0.064947931,54650.39312,28,1,1.470769882
0.7,0,0.9,227,23.62303774,0.057687293,59140.35703,28,2,1.59492898
0.7,0,0.9,227,25.62805521,0.057308698,54158.83722,29,3,1.585203171
0.8,0,0.9,228,17.79396852,0.070649525,50874.57924,18,2,1.630216837
0.8,0,0.9,228,27.90264039,0.042915284,49029.57298,17,3,1.64285183
0.8,0,0.9,228,28.06913108,0.061377027,48747.61817,15,1,1.663028002
0.9,0,0.9,229,28.65247403,0.038693797,34682.64342,11,2,1.631764174
0.9,0,0.9,229,29.10888669,0.037631845,46696.39643,15,1,1.637920856
0.9,0,0.9,229,29.0006421,0.036264696,46952.48425,13,3,1.732450008
1,0,0.9,230,50.92592593,0.011806714,0,0,1,1.747670174
1,0,0.9,230,52.48148148,0.008037813,0,0,2,1.841434002
1,0,0.9,230,50.25925926,0.008564021,0,0,3,1.712090015
0.6,5000,0.9,231,46.16004661,0.009944605,16946.02483,41,2,1.763823986
0.6,5000,0.9,231,46.95061728,0.008095201,10145.69046,52,1,1.834010839
0.6,5000,0.9,231,46.15055955,0.007916914,12862.08966,43,3,1.752010107
0.7,5000,0.9,232,40.77234512,0.009696724,16806.35493,34,1,1.81420207
0.7,5000,0.9,232,47.64389866,0.009822003,11004.36291,34,2,1.727659941
0.7,5000,0.9,232,42.119925,0.008856004,15936.61555,32,3,1.755357027
0.8,5000,0.9,233,45.50597724,0.010078178,17498.89834,23,2,1.819525957
0.8,5000,0.9,233,48.13580247,0.007054368,4346.368681,15,1,1.789757013
0.8,5000,0.9,233,46.32313564,0.006326352,5010.94573,22,3,1.823886871
0.9,5000,0.9,234,45.45679012,0.009860572,4528.323768,8,1,1.765434027
0.9,5000,0.9,234,45.38271605,0.008698006,4282.569916,10,2,1.847656965
0.9,5000,0.9,234,45.88010736,0.025694419,12493.37119,10,3,1.925188065
1,5000,0.9,235,43.64197531,0.020883956,0,0,2,1.921370983
1,5000,0.9,235,48.60493827,0.013277909,0,0,3,1.893872976
1,5000,0.9,235,48,0.015808234,0,0,1,1.953254938
0.6,10000,0.9,236,53.03703704,0.002345799,5556.291201,37,3,1.509636164
0.6,10000,0.9,236,50.28395062,0.002779433,6998.17788,45,1,1.315809965
0.6,10000,0.9,236,41.74074074,0.003231171,4890.975392,38,2,1.373810053
0.7,10000,0.9,237,48.92592593,0.001920399,5582.504895,30,2,1.413126945
0.7,10000,0.9,237,48.14814815,0.003703178,6679.884199,28,3,1.390223026
0.7,10000,0.9,237,46.88888889,0.004984266,4776.115384,30,1,1.415265083
0.8,10000,0.9,238,47.67901235,0.005018612,5936.260407,15,2,1.440510035
0.8,10000,0.9,238,48.39506173,0.003636751,5721.347123,18,1,1.45776391
0.8,10000,0.9,238,47.5308642,0.004040876,6406.349048,19,3,1.457456112
0.9,10000,0.9,239,42.56790123,0.008054019,4649.529306,10,1,1.647729874
0.9,10000,0.9,239,47.32098765,0.005885352,5379.004363,17,2,1.690021038
0.9,10000,0.9,239,43,0.009829696,4801.647221,9,3,1.692678928
1,10000,0.9,240,47.81481481,0.014108903,0,0,3,1.562183142
1,10000,0.9,240,47.85185185,0.008435303,0,0,1,1.63002491
1,10000,0.9,240,50.04938272,0.013147469,0,0,2,1.637148142
0.6,15000,0.9,241,54.72839506,0.003313666,6838.247951,36,2,1.662436962
0.6,15000,0.9,241,48.96296296,0.003102258,5756.352368,47,3,1.553294182
0.6,15000,0.9,241,45.98765432,0.003204085,7448.96704,44,1,14.65544295
0.7,15000,0.9,242,49.56790123,0.003021534,7128.300178,25,2,12.59496808
0.7,15000,0.9,242,44.17283951,0.003083051,7612.718289,28,3,6.132797003
0.7,15000,0.9,242,47.28395062,0.003849549,7115.955325,36,1,5.301588058
0.8,15000,0.9,243,48.32098765,0.003805882,5904.43262,11,1,5.867089987
0.8,15000,0.9,243,53.22222222,0.003180931,6647.387933,21,3,6.741426229
0.8,15000,0.9,243,53.0617284,0.003829618,5748.834297,14,2,6.416776896
0.9,15000,0.9,244,47.27160494,0.004760925,5779.670669,11,3,5.45557189
0.9,15000,0.9,244,51.88888889,0.006854158,6118.626973,8,2,4.144526958
0.9,15000,0.9,244,49.71604938,0.004721957,6100.436321,12,1,3.961255074
1,15000,0.9,245,48.58024691,0.013512469,0,0,1,4.315696955
1,15000,0.9,245,49.71604938,0.015714432,0,0,3,3.220988989
1,15000,0.9,245,51.18518519,0.006731188,0,0,2,3.015621185
0.6,20000,0.9,246,59.55555556,0.001419812,5745.757356,34,3,3.634497881
0.6,20000,0.9,246,52.33333333,0.003403223,5295.79428,34,2,3.398090124
0.6,20000,0.9,246,43.34567901,0.005644418,4665.165899,39,1,4.322349787
0.7,20000,0.9,247,44.72839506,0.003801099,5411.346006,27,1,3.292078018
0.7,20000,0.9,247,48.9382716,0.004560508,5867.792522,36,3,4.91298914
0.7,20000,0.9,247,46.61728395,0.003617468,6328.385468,28,2,3.41165185
0.8,20000,0.9,248,47.0617284,0.004709986,6528.483801,16,3,3.759361029
0.8,20000,0.9,248,51.33333333,0.003033756,7271.539588,19,2,3.002156973
0.8,20000,0.9,248,54.24691358,0.002533513,6284.254779,23,1,3.180762053
0.9,20000,0.9,249,53.90123457,0.004368119,6312.968015,11,1,2.646776915
0.9,20000,0.9,249,47.66666667,0.00369418,6122.873953,10,3,2.001742125
0.9,20000,0.9,249,51.50617284,0.003278263,6575.054386,16,2,2.047872066
1,20000,0.9,250,47.45679012,0.015268684,0,0,1,2.970578909
1,20000,0.9,250,46.34567901,0.024303952,0,0,3,2.557533026
1,20000,0.9,250,45.74074074,0.028002363,0,0,2,2.834358931
0.6,0,1,251,28.56944151,0.069146449,51020.60977,30,2,3.102039099
0.6,0,1,251,19.75530289,0.081828883,71319.18212,41,3,2.016759872
0.6,0,1,251,24.0920471,0.065489349,51444.12637,40,1,1.793711185
0.7,0,1,252,33.46869901,0.133728131,52055.38662,27,2,1.614389896
0.7,0,1,252,30.18401951,0.055150681,49043.82579,28,3,1.593574047
0.7,0,1,252,27.63816434,0.063377947,48384.31301,26,1,1.563613892
0.8,0,1,253,28.61158188,0.081858291,47049.26212,17,3,1.700073004
0.8,0,1,253,25.87773717,0.055022093,59902.58114,21,1,1.727699041
0.8,0,1,253,29.17960398,0.048856566,41605.63814,19,2,1.804068089
0.9,0,1,254,30.93511333,0.039967664,34277.95344,11,3,1.843690872
0.9,0,1,254,33.80033508,0.026878281,28198.4168,8,1,1.904000998
0.9,0,1,254,31.90401812,0.034201535,46007.60748,13,2,2.120467186
1,0,1,255,55.86419753,0.00772386,0,0,2,1.846853018
1,0,1,255,47.61728395,0.012496516,0,0,1,2.029996157
1,0,1,255,50.44444444,0.013554311,0,0,3,1.996783972
0.6,5000,1,256,46.85185185,0.012239251,3770.572932,40,2,1.83591485
0.6,5000,1,256,56.14814815,0.019722364,4430.070112,36,3,2.103552103
0.6,5000,1,256,42.13580247,0.008960907,4006.329114,39,1,2.129569054
0.7,5000,1,257,57.7654321,0.010615886,4229.69686,31,3,2.042667866
0.7,5000,1,257,47.33333333,0.044088106,4482.131669,29,2,1.956946135
0.7,5000,1,257,49.65432099,0.013984121,4226.899642,27,1,1.951135874
0.8,5000,1,258,43.55555556,0.014522738,4326.268032,20,3,2.061084032
0.8,5000,1,258,48.48148148,0.013192783,4435.348414,22,1,1.953156948
0.8,5000,1,258,49.13580247,0.022006411,4690.836548,19,2,2.076318979
0.9,5000,1,259,51.22222222,0.011872838,4778.673524,7,3,1.816418171
0.9,5000,1,259,46.14814815,0.022465495,4489.386096,13,2,1.533802032
0.9,5000,1,259,47.16049383,0.011239482,4829.01543,10,1,1.573781967
1,5000,1,260,48.88888889,0.025024671,0,0,2,1.607030869
1,5000,1,260,47.18518519,0.010121169,0,0,3,1.555796146
1,5000,1,260,45.09876543,0.014472149,0,0,1,1.675232887
0.6,10000,1,261,51.02469136,0.009886952,4500.605214,34,3,1.53559804
0.6,10000,1,261,49.32098765,0.014047915,4114.312981,30,2,1.639657021
0.6,10000,1,261,48.16049383,0.01566005,4370.975854,41,1,1.625388861
0.7,10000,1,262,52.60493827,0.011379885,3994.894912,31,3,1.697964191
0.7,10000,1,262,42.56790123,0.019791678,4351.2722,25,1,1.593819857
0.7,10000,1,262,45.45679012,0.015078849,3954.376512,31,2,1.564553976
0.8,10000,1,263,49.24691358,0.01664882,4320.650331,21,1,1.56304121
0.8,10000,1,263,48.24691358,0.018663133,4035.709556,15,3,1.614933968
0.8,10000,1,263,51.97530864,0.009973736,4584.359091,18,2,1.636029959
0.9,10000,1,264,53.28395062,0.010871874,4225.782875,10,2,1.626034975
0.9,10000,1,264,42.71604938,0.019232862,3694.0099,12,3,1.60789299
0.9,10000,1,264,50.30864198,0.018661296,4396.048353,9,1,1.640396118
1,10000,1,265,49.37037037,0.007385522,0,0,2,1.978018999
1,10000,1,265,52.80246914,0.027305756,0,0,3,1.667675972
1,10000,1,265,54.13580247,0.01070228,0,0,1,1.704312086
0.6,15000,1,266,47.67901235,0.017539883,4399.822334,38,3,1.739741087
0.6,15000,1,266,47.30864198,0.016109716,3478.385002,30,1,1.814534903
0.6,15000,1,266,56.33333333,0.006560621,4204.548258,41,2,1.744907141
0.7,15000,1,267,53.72839506,0.024276361,4729.831428,30,3,1.821009874
0.7,15000,1,267,46.17283951,0.011805327,4178.657158,32,1,1.882224083
0.7,15000,1,267,54.50617284,0.008662494,4168.906092,29,2,1.89468503
0.8,15000,1,268,49.5308642,0.015811469,4148.341794,22,2,1.907743931
0.8,15000,1,268,53.2962963,0.011958012,4023.009346,20,1,1.863934994
0.8,15000,1,268,45.85185185,0.014212077,5041.661466,20,3,2.018547058
0.9,15000,1,269,51.11111111,0.008473652,4260.776137,6,2,1.754138947
0.9,15000,1,269,49.41975309,0.01130425,4691.736641,11,1,1.567069054
0.9,15000,1,269,47.95061728,0.009397671,4152.307225,12,3,1.479424
1,15000,1,270,48.22222222,0.017582286,0,0,3,1.41762805
1,15000,1,270,47.91358025,0.020005968,0,0,2,1.427772999
1,15000,1,270,47,0.009344,0,0,1,1.429757833
0.6,20000,1,271,58.58024691,0.005317845,4787.888761,45,2,1.491106987
0.6,20000,1,271,42.91358025,0.026979861,4320.242897,43,1,1.364187002
0.6,20000,1,271,50.37037037,0.013720149,3453.822418,37,3,1.232952118
0.7,20000,1,272,45.12345679,0.008068156,4687.462062,26,3,1.074216843
0.7,20000,1,272,53.13580247,0.007725927,4644.010942,21,2,1.017379045
0.7,20000,1,272,48.30864198,0.008196913,4064.050509,37,1,1.015951157
0.8,20000,1,273,42.33333333,0.017099534,4127.824328,15,2,1.015142918
0.8,20000,1,273,47.75308642,0.012713351,4267.134802,19,1,1.008877993
0.8,20000,1,273,49.96296296,0.018203381,4530.597133,25,3,1.017306089
0.9,20000,1,274,48.04938272,0.010808472,4967.643167,6,3,1.046084881
0.9,20000,1,274,47.55555556,0.026537778,3614.622866,7,2,1.046293974
0.9,20000,1,274,51.02469136,0.00897467,4322.738628,9,1,1.085713148
1,20000,1,275,49.16049383,0.014379276,0,0,2,1.074333906
1,20000,1,275,49.51851852,0.016094785,0,0,1,1.080555916
1,20000,1,275,44.59259259,0.013964251,0,0,3,1.115476131
